{
   "aClassParams" : {
      "paramsBool" : true,
      "paramsDouble" : -1.80,
      "paramsFloat" : 2.299999952316284,
      "paramsInt" : 2,
      "paramsString" : "qwer",
      "paramsVec2f" : {
         "x" : -1.50,
         "y" : 8.699999809265137
      },
      "paramsVec2i" : {
         "x" : 2,
         "y" : -1
      },
      "paramsVec3f" : {
         "x" : 0.7000002264976502,
         "y" : 8.829999923706055,
         "z" : -10.94000053405762
      }
   },
   "playerManagerParams" : {
      "angleLookLeft" : -25.0,
      "angleLookRight" : 15.0,
      "colorX1" : -25.0,
      "colorY1" : -20.0,
      "depthX1" : -35.0,
      "depthY1" : -25.0,
      "faceDownPercentage" : 0.5,
      "faceFrameRatioX" : 0.02999999932944775,
      "faceFrameRatioY" : 0.02999999932944775,
      "frameRatio" : {
         "x1" : 0.1000000014901161,
         "x2" : 0.8999999761581421,
         "y1" : 0.4000000059604645,
         "y2" : 0.8999999761581421
      },
      "smoothMeanCount" : 10,
      "spanCenter" : 0.50,
      "spanX" : -0.01999999955296516
   },
   "stageManagerParams" : {
      "detectionStage" : {
         "bothTimeY" : 144.0,
         "calShift" : -18.0,
         "fontSize" : 30.0,
         "phubTimeX" : 133.0,
         "scale" : 61.0,
         "shiftX" : 4.0,
         "shiftY" : 18.0,
         "talkTimeX" : 553.0
      }
   }
}
