{
   "aClassParams" : {
      "paramsBool" : true,
      "paramsDouble" : -1.80,
      "paramsFloat" : 2.299999952316284,
      "paramsInt" : 2,
      "paramsString" : "qwer",
      "paramsVec2f" : {
         "x" : -1.50,
         "y" : 8.699999809265137
      },
      "paramsVec2i" : {
         "x" : 2,
         "y" : -1
      },
      "paramsVec3f" : {
         "x" : 0.7000002264976502,
         "y" : 8.829999923706055,
         "z" : -10.94000053405762
      }
   },
   "playerManagerParams" : {
      "colorX1" : -25.0,
      "colorY1" : -30.0,
      "depthX1" : -30.0,
      "depthY1" : -25.0,
      "faceFrameRationX" : 0.02500000037252903,
      "faceFrameRationY" : 0.02999999932944775,
      "spanCenter" : 0.4000000059604645,
      "spanX" : -0.05000000074505806
   },
   "stageManagerParams" : {
      "detectionStage" : {
         "bothTimeY" : 127.0,
         "calShift" : -18.0,
         "fontSize" : 30.0,
         "phubTimeX" : 160.0,
         "scale" : 61.0,
         "shiftX" : 4.0,
         "shiftY" : 18.0,
         "talkTimeX" : 553.0
      }
   }
}
