{
    "aClassParams": {
        "paramsBool": true,
        "paramsDouble": -1.80,
        "paramsFloat": 2.299999952316284,
        "paramsInt": 2,
        "paramsString": "qwer",
        "paramsVec2f": {
            "x": -1.50,
            "y": 8.699999809265137
        },
        "paramsVec2i": {
            "x": 2,
            "y": -1
        },
        "paramsVec3f": {
            "x": 0.7000002264976502,
            "y": 8.829999923706055,
            "z": -10.94000053405762
        }
    },
    "playerManagerParams": {
        "angleLookLeft": -25.0,
        "angleLookRight": 15.0,
        "colorX1": -35.0,
        "colorY1": -35.0,
        "faceDownPercentage": 0.5,
        "faceFrameRatioX": 0.02999999932944775,
        "faceFrameRatioY": 0.02999999932944775,
        "frameRatio": {
            "x1": 0.1000000014901161,
            "x2": 0.8999999761581421,
            "y1": 0.4,
            "y2": 0.8
        },
        "smoothMeanCount": 25,
        "spanCenter": 0.50,
        "spanX": 0.01,
		"shift" : {
			"x" : -30,
			"y" : 0
		}
    },
    "stageManagerParams": {
        "detectionStage": {
            "bothTimeY": 144.0,
            "calShift": -18.0,
            "fontSize": 30.0,
            "phubTimeSX": 100.0,
            "phubTimeMX": 150.0,
            "phubTimeHX": 200.0,
            
            "talkTimeSX": 300.0,
            "talkTimeMX": 350.0,
            "talkTimeHX": 400.0,
            
            "bothTimeSY": 200.0,
            "bothTimeMY": 300.0,
            "bothTimeHY": 400.0,

            "scale": 60.0,
            "shiftX": 4.0,
            "shiftY": 0.0,
            "talkTimeX": 553.0
        }
    }
}
