{
   "aClassParams" : {
      "paramsBool" : true,
      "paramsDouble" : -1.80,
      "paramsFloat" : 2.299999952316284,
      "paramsInt" : 2,
      "paramsString" : "qwer",
      "paramsVec2f" : {
         "x" : -1.50,
         "y" : 8.699999809265137
      },
      "paramsVec2i" : {
         "x" : 2,
         "y" : -1
      },
      "paramsVec3f" : {
         "x" : 0.7000002264976502,
         "y" : 8.829999923706055,
         "z" : -10.94000053405762
      }
   },
   "playerManagerParams" : {
      "colorX1" : -15.0,
      "colorY1" : 0.0,
      "depthX1" : -30.0,
      "depthY1" : -25.0,
      "faceFrameRationX" : 0.01111111138015986,
      "faceFrameRationY" : 0.02222222276031971,
      "spanCenter" : 0.6600000262260437,
      "spanX" : -0.07000000029802322
   }
}
